{"proxies":{"ti.mlkit.objectdetection.TiMlkitDetectionModule":{"superPackageName":"org.appcelerator.kroll","methods":{"detect":{"runOnUiThread":false,"hasInvocation":false,"args":[{"converter":"org.appcelerator.kroll.KrollConverter","defaultValueProvider":"org.appcelerator.kroll.KrollConverter","name":"kd","sourceName":"kd","type":"org.appcelerator.kroll.KrollDict"}],"apiName":"detect","converter":"org.appcelerator.kroll.KrollConverter","defaultValueProvider":"org.appcelerator.kroll.KrollConverter","name":"__default_name__","returnType":"void"}},"superProxyBindingClassName":"org.appcelerator.kroll.KrollModuleBindingGen","proxyClassName":"TiMlkitDetectionModule","proxyAttrs":{"propertyAccessors":[],"fullAPIName":"TiMlkitDetection","name":"TiMlkitDetection","proxyClassName":"ti.mlkit.objectdetection.TiMlkitDetectionModule","isTopLevel":false,"id":"ti.mlkit.objectdetection"},"packageName":"ti.mlkit.objectdetection","sourceName":"ti.mlkit.objectdetection.TiMlkitDetectionModuleBindingGen","isTitaniumSdk":false,"superProxyClassName":"KrollModule","isModule":true,"genClassName":"TiMlkitDetectionModuleBindingGen","onAppCreate":"onAppCreate"}},"modules":{"ti.mlkit.objectdetection.TiMlkitDetectionModule":{"apiName":"TiMlkitDetection"}}}